{"cameraMode":{"drawMode":0,"name":"Shaded","section":"Shading Mode"},"sceneLighting":true,"audioPlay":false,"sceneViewState":{"m_AlwaysRefresh":false,"showFog":true,"showSkybox":true,"showFlares":true,"showImageEffects":true,"showParticleSystems":true,"showVisualEffectGraphs":true,"m_FxEnabled":true},"in2DMode":false,"pivot":{"x":540.030029296875,"y":961.6384887695313,"z":-3.873716354370117},"rotation":{"x":-0.19877676665782929,"y":0.0038226936012506487,"z":-0.0007757809944450855,"w":-0.9800460934638977},"size":1101.45361328125,"orthographic":false}